"Name","LastLogonDate","OU"
"LOVISAF-005","19/11/2021 6:27:56 PM","OU=Computers,OU=South Africa,OU=Africa,OU=Regions,DC=lovisa,DC=com"
"ZA_LOVIL_001","29/03/2022 8:59:54 PM","OU=Computers,OU=South Africa,OU=Africa,OU=Regions,DC=lovisa,DC=com"
"LOVID-004","25/08/2019 5:41:23 AM","OU=Computers,OU=Australia,OU=APAC,OU=Regions,DC=lovisa,DC=com"
"LOVIZTST","2/09/2019 10:18:40 AM","OU=Servers,OU=Australia,OU=APAC,OU=Regions,DC=lovisa,DC=com"
"LOVIZW102","5/09/2019 1:26:42 PM","OU=Computers,OU=Provisions,OU=Regions,DC=lovisa,DC=com"
"LOVIL-075","12/11/2021 1:36:50 PM","OU=Computers,OU=Australia,OU=APAC,OU=Regions,DC=lovisa,DC=com"
"LOVIL-026","24/12/2021 9:47:18 AM","OU=Computers,OU=Australia,OU=APAC,OU=Regions,DC=lovisa,DC=com"
"AU_LOVIL_9","19/11/2019 11:44:20 AM","OU=Computers,OU=Australia,OU=APAC,OU=Regions,DC=lovisa,DC=com"
"AU_LOVIL_1","17/06/2019 12:24:12 PM","OU=Computers,OU=Australia,OU=APAC,OU=Regions,DC=lovisa,DC=com"
"LOVIL-801","15/11/2019 1:59:27 PM","OU=Computers,OU=America,OU=USA,OU=Regions,DC=lovisa,DC=com"
"LOVITAB-13","14/10/2019 8:07:14 AM","OU=Autopilot,OU=Computers,OU=UnitedKingdom,OU=EURO,OU=Regions,DC=lovisa,DC=com"
"LOVIL-167","12/02/2020 8:21:08 AM","OU=Computers,OU=Australia,OU=APAC,OU=Regions,DC=lovisa,DC=com"
"LOVIL-084","18/02/2021 4:53:27 AM","OU=Computers,OU=Australia,OU=APAC,OU=Regions,DC=lovisa,DC=com"
"LOVIL-425","23/12/2021 2:53:36 PM","OU=Computers,OU=Australia,OU=APAC,OU=Regions,DC=lovisa,DC=com"
"LOVIL-017","2/09/2019 3:57:29 PM","OU=Computers,OU=Australia,OU=APAC,OU=Regions,DC=lovisa,DC=com"
"LOVIL-316","18/06/2022 11:02:46 AM","OU=Computers,OU=Australia,OU=APAC,OU=Regions,DC=lovisa,DC=com"
"LOVIL-126","10/06/2020 1:40:28 PM","OU=Computers,OU=Australia,OU=APAC,OU=Regions,DC=lovisa,DC=com"
"LOVIL-244","20/12/2021 4:17:43 PM","OU=Computers,OU=Australia,OU=APAC,OU=Regions,DC=lovisa,DC=com"
"LOVIL-045","27/08/2020 1:30:50 PM","OU=Computers,OU=Australia,OU=APAC,OU=Regions,DC=lovisa,DC=com"
"LOVIL-738","20/12/2021 1:05:53 PM","OU=Computers,OU=Australia,OU=APAC,OU=Regions,DC=lovisa,DC=com"
"LOVIL-491","12/04/2022 1:43:53 PM","OU=Computers,OU=Australia,OU=APAC,OU=Regions,DC=lovisa,DC=com"
"LOVITAB-40","25/01/2021 8:42:03 AM","OU=Computers,OU=Australia,OU=APAC,OU=Regions,DC=lovisa,DC=com"
"LOVIL-169","1/12/2020 12:23:02 PM","OU=Computers,OU=Australia,OU=APAC,OU=Regions,DC=lovisa,DC=com"
"LOVIL-436","28/06/2022 4:53:10 PM","OU=Computers,OU=Australia,OU=APAC,OU=Regions,DC=lovisa,DC=com"
"AU_LOVIL_10","16/05/2021 11:01:24 AM","OU=Computers,OU=Australia,OU=APAC,OU=Regions,DC=lovisa,DC=com"
"LOVIL-441","20/11/2020 6:44:08 PM","OU=Computers,OU=Australia,OU=APAC,OU=Regions,DC=lovisa,DC=com"
"AU_LOVIL_7","7/07/2022 4:35:08 PM","OU=Computers,OU=Australia,OU=APAC,OU=Regions,DC=lovisa,DC=com"
"LOVIL-200","1/12/2022 4:32:05 AM","OU=Computers,OU=Australia,OU=APAC,OU=Regions,DC=lovisa,DC=com"
"LOVIL-304","15/02/2022 2:14:21 PM","OU=Computers,OU=Australia,OU=APAC,OU=Regions,DC=lovisa,DC=com"
"LOVIL-303","8/01/2021 11:38:13 AM","OU=Computers,OU=Australia,OU=APAC,OU=Regions,DC=lovisa,DC=com"
"LOVIL-174","30/12/2019 8:39:34 AM","OU=Computers,OU=Australia,OU=APAC,OU=Regions,DC=lovisa,DC=com"
"LCSC","2/07/2020 9:23:06 AM","OU=Computers,OU=Australia,OU=APAC,OU=Regions,DC=lovisa,DC=com"
"LOVIL-404","1/12/2021 8:33:33 AM","OU=Computers,OU=Australia,OU=APAC,OU=Regions,DC=lovisa,DC=com"
"AU_LOVID_3","12/01/2020 12:44:49 PM","OU=Computers,OU=Australia,OU=APAC,OU=Regions,DC=lovisa,DC=com"
"LOVIL-305","27/04/2022 1:43:22 PM","OU=Computers,OU=Australia,OU=APAC,OU=Regions,DC=lovisa,DC=com"
"UK_LOVIL_1","15/11/2022 5:16:56 PM","OU=Autopilot,OU=Computers,OU=UnitedKingdom,OU=EURO,OU=Regions,DC=lovisa,DC=com"
"USA_LOVIL_7","14/01/2020 12:26:17 PM","OU=Computers,OU=America,OU=USA,OU=Regions,DC=lovisa,DC=com"
"LOVIPC-1","6/01/2020 2:51:25 AM","OU=Computers,OU=Australia,OU=APAC,OU=Regions,DC=lovisa,DC=com"
"LOVITAB-81","22/03/2021 8:28:20 AM","OU=Computers,OU=Australia,OU=APAC,OU=Regions,DC=lovisa,DC=com"
"AU_LOVIL_6","27/05/2021 9:17:32 AM","OU=Computers,OU=Australia,OU=APAC,OU=Regions,DC=lovisa,DC=com"
"LOVIL-437","5/05/2022 3:54:36 PM","OU=Computers,OU=Australia,OU=APAC,OU=Regions,DC=lovisa,DC=com"
"LOVIL-434","27/03/2023 2:03:42 PM","OU=Computers,OU=Australia,OU=APAC,OU=Regions,DC=lovisa,DC=com"
"LOVIL-246","21/01/2020 11:18:01 AM","OU=Computers,OU=Australia,OU=APAC,OU=Regions,DC=lovisa,DC=com"
"au-mac-004","19/01/2020 9:05:42 AM","OU=Computers,OU=Australia,OU=APAC,OU=Regions,DC=lovisa,DC=com"
"AU_LOVID_032","19/01/2020 6:06:03 PM","OU=Computers,OU=Australia,OU=APAC,OU=Regions,DC=lovisa,DC=com"
"LOVIL-010","28/01/2020 7:50:46 AM","OU=Computers,OU=Australia,OU=APAC,OU=Regions,DC=lovisa,DC=com"
"AU_LOVI_2","28/01/2020 7:41:06 AM","OU=Computers,OU=Australia,OU=APAC,OU=Regions,DC=lovisa,DC=com"
"LOVI-LT0013","19/04/2022 6:50:44 PM","OU=Computers,OU=Australia,OU=APAC,OU=Regions,DC=lovisa,DC=com"
"AU_LOVIL_20","7/07/2022 3:24:21 PM","OU=Computers,OU=Australia,OU=APAC,OU=Regions,DC=lovisa,DC=com"
"MY_LOVIL_1","3/02/2020 1:16:09 PM","OU=Computers,OU=Malaysia,OU=APAC,OU=Regions,DC=lovisa,DC=com"
"LOVIL-722","22/02/2021 9:47:36 AM","OU=Computers,OU=Australia,OU=APAC,OU=Regions,DC=lovisa,DC=com"
"AU_LOVIL_28","10/10/2022 1:07:25 PM","OU=Computers,OU=Australia,OU=APAC,OU=Regions,DC=lovisa,DC=com"
"KAGISOMAKOLA","4/05/2022 4:57:45 PM","OU=Computers,OU=South Africa,OU=Africa,OU=Regions,DC=lovisa,DC=com"
"USA_LOVIL_1","14/02/2020 9:30:01 AM","OU=Computers,OU=America,OU=USA,OU=Regions,DC=lovisa,DC=com"
"LOVIL-184","7/03/2020 8:29:41 AM","OU=Computers,OU=Australia,OU=APAC,OU=Regions,DC=lovisa,DC=com"
"FR_LOVIL_1","16/02/2021 7:26:56 PM","OU=Autopilot,OU=Computers,OU=France,OU=EURO,OU=Regions,DC=lovisa,DC=com"
"LOVIL-494","27/04/2023 8:01:26 AM","OU=Computers,OU=Australia,OU=APAC,OU=Regions,DC=lovisa,DC=com"
"LOVIL-732","31/08/2021 3:42:12 PM","OU=Computers,OU=Australia,OU=APAC,OU=Regions,DC=lovisa,DC=com"
"LOVIL-745","25/02/2020 7:26:35 AM","OU=Computers,OU=America,OU=USA,OU=Regions,DC=lovisa,DC=com"
"AU_LOVIL_120","13/02/2020 4:25:35 PM","OU=Computers,OU=Australia,OU=APAC,OU=Regions,DC=lovisa,DC=com"
"LOVITAB-97","18/02/2020 10:09:02 AM","OU=Computers,OU=Australia,OU=APAC,OU=Regions,DC=lovisa,DC=com"
"lovimac-hjg5l","8/04/2021 3:59:45 PM","OU=Computers,OU=Australia,OU=APAC,OU=Regions,DC=lovisa,DC=com"
"lovimac-uj1gp","7/04/2021 8:12:05 AM","OU=Computers,OU=Australia,OU=APAC,OU=Regions,DC=lovisa,DC=com"
"LOVIL-443","21/08/2023 10:25:24 AM","OU=Computers,OU=Australia,OU=APAC,OU=Regions,DC=lovisa,DC=com"
"LOVIL-035","12/03/2020 5:45:03 PM","OU=Computers,OU=Australia,OU=APAC,OU=Regions,DC=lovisa,DC=com"
"LOVIL-500","9/07/2020 6:09:25 AM","OU=Computers,OU=Australia,OU=APAC,OU=Regions,DC=lovisa,DC=com"
"LOVITAB-72","1/12/2021 1:18:46 PM","OU=Computers,OU=Australia,OU=APAC,OU=Regions,DC=lovisa,DC=com"
"LOVITAB-53","28/06/2021 12:17:34 PM","OU=Computers,OU=Australia,OU=APAC,OU=Regions,DC=lovisa,DC=com"
"LOVIL-453","24/12/2021 9:14:28 AM","OU=Computers,OU=Australia,OU=APAC,OU=Regions,DC=lovisa,DC=com"
"AU_LOVIL_4","25/05/2023 1:09:57 PM","OU=Computers,OU=Australia,OU=APAC,OU=Regions,DC=lovisa,DC=com"
"LOVIL-702","20/12/2021 4:29:55 PM","OU=Computers,OU=Australia,OU=APAC,OU=Regions,DC=lovisa,DC=com"
"AU_LOVIL_11","20/09/2021 8:41:43 AM","OU=Computers,OU=Australia,OU=APAC,OU=Regions,DC=lovisa,DC=com"
"LOVIL-319","12/07/2020 1:35:26 PM","OU=Computers,OU=Australia,OU=APAC,OU=Regions,DC=lovisa,DC=com"
"LOVITAB-68","23/03/2020 8:27:02 AM","OU=Computers,OU=Australia,OU=APAC,OU=Regions,DC=lovisa,DC=com"
"LOVITAB-90","28/02/2020 6:57:27 AM","OU=Computers,OU=Australia,OU=APAC,OU=Regions,DC=lovisa,DC=com"
"LOVIL-292","20/08/2020 1:08:22 PM","OU=Computers,OU=Australia,OU=APAC,OU=Regions,DC=lovisa,DC=com"
"LOVIL-712","27/04/2021 6:00:19 PM","OU=Computers,OU=Malaysia,OU=APAC,OU=Regions,DC=lovisa,DC=com"
"LOVITAB-74","9/04/2020 2:20:18 PM","OU=Computers,OU=Australia,OU=APAC,OU=Regions,DC=lovisa,DC=com"
"LOVITAB-14","19/03/2020 3:32:25 PM","OU=Computers,OU=Australia,OU=APAC,OU=Regions,DC=lovisa,DC=com"
"LOVITAB-48","8/12/2020 5:56:05 PM","OU=Computers,OU=Australia,OU=APAC,OU=Regions,DC=lovisa,DC=com"
"LOVITAB-47","1/12/2021 8:43:52 AM","OU=Computers,OU=Australia,OU=APAC,OU=Regions,DC=lovisa,DC=com"
"LOVITAB-83","28/06/2021 12:34:32 PM","OU=Computers,OU=Australia,OU=APAC,OU=Regions,DC=lovisa,DC=com"
"LOVIL-185","26/04/2021 8:52:53 AM","OU=Computers,OU=Australia,OU=APAC,OU=Regions,DC=lovisa,DC=com"
"LOVITAB-29","9/04/2020 2:19:17 PM","OU=Computers,OU=Australia,OU=APAC,OU=Regions,DC=lovisa,DC=com"
"LOVIL-201","27/12/2020 12:10:41 PM","OU=Computers,OU=Australia,OU=APAC,OU=Regions,DC=lovisa,DC=com"
"LOVIL-700","25/03/2020 8:17:04 PM","OU=Computers,OU=Australia,OU=APAC,OU=Regions,DC=lovisa,DC=com"
"LOVITAB-69","5/11/2021 11:07:24 AM","OU=Computers,OU=Australia,OU=APAC,OU=Regions,DC=lovisa,DC=com"
"LOVIL-495","10/03/2021 4:26:53 PM","OU=Computers,OU=Australia,OU=APAC,OU=Regions,DC=lovisa,DC=com"
"LOVIL-314","16/08/2023 2:17:22 PM","OU=Computers,OU=Australia,OU=APAC,OU=Regions,DC=lovisa,DC=com"
"LOVIL-444","8/07/2022 3:50:07 PM","OU=Computers,OU=Australia,OU=APAC,OU=Regions,DC=lovisa,DC=com"
"LOVIL-024","6/02/2021 10:23:24 PM","OU=Computers,OU=Australia,OU=APAC,OU=Regions,DC=lovisa,DC=com"
"LOVIL-290","31/05/2021 8:29:57 AM","OU=Computers,OU=Australia,OU=APAC,OU=Regions,DC=lovisa,DC=com"
"LOVITAB-54","25/06/2020 9:11:37 AM","OU=Computers,OU=Australia,OU=APAC,OU=Regions,DC=lovisa,DC=com"
"AU_LOVIL_14","10/02/2022 9:10:29 AM","OU=Computers,OU=Australia,OU=APAC,OU=Regions,DC=lovisa,DC=com"
"AU_LOVIL_55","13/02/2022 9:48:18 AM","OU=Computers,OU=Australia,OU=APAC,OU=Regions,DC=lovisa,DC=com"
"LOVITAB-25","20/12/2021 9:45:47 AM","OU=Computers,OU=Australia,OU=APAC,OU=Regions,DC=lovisa,DC=com"
"LOVITAB-03","28/06/2021 11:28:41 AM","OU=Computers,OU=Australia,OU=APAC,OU=Regions,DC=lovisa,DC=com"
"LOVIL-409","8/02/2022 3:59:40 PM","OU=Computers,OU=Australia,OU=APAC,OU=Regions,DC=lovisa,DC=com"
"AU_LOVIL_12","30/11/2021 7:39:46 AM","OU=Computers,OU=Australia,OU=APAC,OU=Regions,DC=lovisa,DC=com"
"LOVITAB-12","6/09/2022 12:49:16 PM","OU=Computers,OU=Australia,OU=APAC,OU=Regions,DC=lovisa,DC=com"
"LOVIL-438","23/05/2022 12:27:49 PM","OU=Computers,OU=Australia,OU=APAC,OU=Regions,DC=lovisa,DC=com"
"AU-LOVID-12345","19/10/2020 2:06:08 PM","OU=Computers,OU=Australia,OU=APAC,OU=Regions,DC=lovisa,DC=com"
"LOVIL-419","28/06/2021 9:48:10 AM","OU=Computers,OU=Australia,OU=APAC,OU=Regions,DC=lovisa,DC=com"
"LOVIL-291","26/07/2021 9:46:20 AM","OU=Computers,OU=Australia,OU=APAC,OU=Regions,DC=lovisa,DC=com"
"LOVITAB-80","3/12/2020 2:18:35 PM","OU=Computers,OU=Australia,OU=APAC,OU=Regions,DC=lovisa,DC=com"
"LOVIL-301","14/01/2023 2:12:16 PM","OU=Computers,OU=Australia,OU=APAC,OU=Regions,DC=lovisa,DC=com"
"LOVITAB-087","19/08/2022 10:26:17 AM","OU=Computers,OU=Australia,OU=APAC,OU=Regions,DC=lovisa,DC=com"
"AU_LOVIL_25","8/04/2020 10:10:34 AM","OU=Computers,OU=Australia,OU=APAC,OU=Regions,DC=lovisa,DC=com"
"LOVITAB-200","5/11/2021 5:38:47 PM","OU=Computers,OU=Australia,OU=APAC,OU=Regions,DC=lovisa,DC=com"
"LOVIL-455","17/01/2022 10:28:09 AM","OU=Computers,OU=Australia,OU=APAC,OU=Regions,DC=lovisa,DC=com"
"LOVIL-202","9/09/2021 3:53:10 PM","OU=Computers,OU=Australia,OU=APAC,OU=Regions,DC=lovisa,DC=com"
"LOVITAB-32","28/06/2021 11:48:20 AM","OU=Computers,OU=Australia,OU=APAC,OU=Regions,DC=lovisa,DC=com"
"LOVIL-711","18/02/2020 11:14:12 AM","OU=Computers,OU=Australia,OU=APAC,OU=Regions,DC=lovisa,DC=com"
"LOVIL-205","27/02/2020 12:26:38 PM","OU=Computers,OU=Australia,OU=APAC,OU=Regions,DC=lovisa,DC=com"
"LOVISAF-002","13/06/2021 7:39:28 PM","OU=Computers,OU=South Africa,OU=Africa,OU=Regions,DC=lovisa,DC=com"
"LOVISAF-001","3/10/2020 1:39:09 AM","OU=Computers,OU=South Africa,OU=Africa,OU=Regions,DC=lovisa,DC=com"
"AU_LOVIL_33","12/01/2023 12:56:00 PM","OU=Computers,OU=Australia,OU=APAC,OU=Regions,DC=lovisa,DC=com"
"LOVIL-133","6/03/2020 4:06:10 PM","OU=Computers,OU=Australia,OU=APAC,OU=Regions,DC=lovisa,DC=com"
"LOVIL-752","19/04/2023 8:26:37 AM","OU=Computers,OU=Australia,OU=APAC,OU=Regions,DC=lovisa,DC=com"
"AU_LOVIL_18","18/06/2022 1:05:30 PM","OU=Computers,OU=Australia,OU=APAC,OU=Regions,DC=lovisa,DC=com"
"AU_LOVIL_45","3/06/2021 2:49:21 PM","OU=Computers,OU=Australia,OU=APAC,OU=Regions,DC=lovisa,DC=com"
"LOVIL-162","3/01/2022 1:59:41 PM","OU=Computers,OU=Australia,OU=APAC,OU=Regions,DC=lovisa,DC=com"
"WAREHOUSE_POS5","31/03/2020 8:54:42 AM","OU=Computers,OU=Australia,OU=APAC,OU=Regions,DC=lovisa,DC=com"
"LOVIL-003","18/11/2020 10:41:54 AM","OU=Computers,OU=Australia,OU=APAC,OU=Regions,DC=lovisa,DC=com"
"LOVIL-018","12/01/2021 11:38:06 AM","OU=Computers,OU=Australia,OU=APAC,OU=Regions,DC=lovisa,DC=com"
"LOVIL-428","26/05/2023 1:47:40 PM","OU=Computers,OU=Australia,OU=APAC,OU=Regions,DC=lovisa,DC=com"
"AU_LOVIL_27","3/08/2020 9:11:21 AM","OU=Computers,OU=Australia,OU=APAC,OU=Regions,DC=lovisa,DC=com"
"AU_LOVIL_35","7/10/2021 3:24:27 PM","OU=Computers,OU=Australia,OU=APAC,OU=Regions,DC=lovisa,DC=com"
"AU_LOVIL_30","31/01/2022 2:18:19 PM","OU=Computers,OU=Australia,OU=APAC,OU=Regions,DC=lovisa,DC=com"
"AU_LOVIL_155","14/05/2020 9:06:08 AM","OU=Computers,OU=Australia,OU=APAC,OU=Regions,DC=lovisa,DC=com"
"lovmac9000","22/05/2020 3:39:17 PM","OU=Computers,OU=Australia,OU=APAC,OU=Regions,DC=lovisa,DC=com"
"LOVITAB-67","15/06/2020 2:25:40 PM","OU=Computers,OU=Australia,OU=APAC,OU=Regions,DC=lovisa,DC=com"
"LOVIL-082","9/07/2022 8:12:55 AM","OU=Computers,OU=Australia,OU=APAC,OU=Regions,DC=lovisa,DC=com"
"AU_LOVIL_26","24/01/2022 7:41:48 AM","OU=Computers,OU=Australia,OU=APAC,OU=Regions,DC=lovisa,DC=com"
"LOVIL-424","21/12/2021 9:25:06 AM","OU=Computers,OU=Australia,OU=APAC,OU=Regions,DC=lovisa,DC=com"
"LOVIL-171","16/05/2022 10:11:04 AM","OU=Computers,OU=Australia,OU=APAC,OU=Regions,DC=lovisa,DC=com"
"USA_LOVIL_13","26/06/2020 4:30:27 AM","OU=Computers,OU=America,OU=USA,OU=Regions,DC=lovisa,DC=com"
"LOVISAF-007","18/02/2022 6:51:26 PM","OU=Computers,OU=Australia,OU=APAC,OU=Regions,DC=lovisa,DC=com"
"LOVITAB-46","30/06/2020 7:54:24 AM","OU=Computers,OU=Australia,OU=APAC,OU=Regions,DC=lovisa,DC=com"
"LOVIL-432","30/06/2020 8:25:09 AM","OU=Computers,OU=Australia,OU=APAC,OU=Regions,DC=lovisa,DC=com"
"DESKTOP-O1UR3M3","11/02/2022 12:38:57 AM","OU=Computers,OU=Australia,OU=APAC,OU=Regions,DC=lovisa,DC=com"
"LOVI-LT0012","25/07/2020 5:57:08 AM","OU=Computers,OU=Australia,OU=APAC,OU=Regions,DC=lovisa,DC=com"
"LOVIL-173","27/07/2020 9:22:38 AM","OU=Computers,OU=Australia,OU=APAC,OU=Regions,DC=lovisa,DC=com"
"LAPTOP-S6M2OHDS","3/10/2022 5:13:55 PM","OU=Computers,OU=Australia,OU=APAC,OU=Regions,DC=lovisa,DC=com"
"LOVITAB-113","11/12/2020 11:48:01 PM","OU=Computers,OU=Australia,OU=APAC,OU=Regions,DC=lovisa,DC=com"
"OLIVIA_PC","12/01/2023 7:38:32 PM","OU=Computers,OU=Australia,OU=APAC,OU=Regions,DC=lovisa,DC=com"
"USA_LOVIL_11","31/07/2020 10:39:12 AM","OU=Computers,OU=America,OU=USA,OU=Regions,DC=lovisa,DC=com"
"LOVIL-123","4/01/2021 8:43:36 AM","OU=Computers,OU=Australia,OU=APAC,OU=Regions,DC=lovisa,DC=com"
"LOVIL-149","23/11/2020 7:23:09 AM","OU=Computers,OU=Australia,OU=APAC,OU=Regions,DC=lovisa,DC=com"
"DESKTOP-17QHJ1R","13/09/2022 1:21:53 AM","OU=Computers,OU=Australia,OU=APAC,OU=Regions,DC=lovisa,DC=com"
"LOVITAB-33","26/08/2020 10:57:01 AM","OU=Computers,OU=Australia,OU=APAC,OU=Regions,DC=lovisa,DC=com"
"LOVITAB-39","28/07/2020 2:58:24 PM","OU=Computers,OU=Australia,OU=APAC,OU=Regions,DC=lovisa,DC=com"
"LOVITAB-27","20/03/2020 4:15:35 PM","OU=Computers,OU=Australia,OU=APAC,OU=Regions,DC=lovisa,DC=com"
"LOVIL-756","18/03/2020 10:14:24 AM","OU=Computers,OU=Australia,OU=APAC,OU=Regions,DC=lovisa,DC=com"
"LOVIL-715","18/03/2020 8:53:27 AM","OU=Computers,OU=Australia,OU=APAC,OU=Regions,DC=lovisa,DC=com"
"LOVIL-423","20/03/2020 2:13:55 PM","OU=Computers,OU=Australia,OU=APAC,OU=Regions,DC=lovisa,DC=com"
"LOVIL-405","27/07/2020 8:45:52 AM","OU=Computers,OU=Australia,OU=APAC,OU=Regions,DC=lovisa,DC=com"
"LOVIL-748","14/09/2020 10:04:05 AM","OU=Computers,OU=Australia,OU=APAC,OU=Regions,DC=lovisa,DC=com"
"LOVITAB-66","25/05/2023 1:13:38 PM","OU=Computers,OU=Australia,OU=APAC,OU=Regions,DC=lovisa,DC=com"
"LOVIWEBS","19/09/2020 2:39:29 AM","OU=Servers,OU=Global,OU=Regions,DC=lovisa,DC=com"
"LOVIL_101","20/06/2022 3:39:42 PM","OU=Computers,OU=Australia,OU=APAC,OU=Regions,DC=lovisa,DC=com"
"LOVISAF-008","25/11/2021 5:57:14 PM","OU=Computers,OU=South Africa,OU=Africa,OU=Regions,DC=lovisa,DC=com"
"AU_LOVIL_16","11/12/2021 11:20:36 AM","OU=Computers,OU=Australia,OU=APAC,OU=Regions,DC=lovisa,DC=com"
"LOVIL-755","20/09/2020 1:34:15 AM","OU=Computers,OU=Australia,OU=APAC,OU=Regions,DC=lovisa,DC=com"
"LOVIL-177","14/01/2023 8:37:34 AM","OU=Computers,OU=Australia,OU=APAC,OU=Regions,DC=lovisa,DC=com"
"AU_LOVIL_19","23/12/2021 6:02:39 PM","OU=Computers,OU=Australia,OU=APAC,OU=Regions,DC=lovisa,DC=com"
"AU_LOVIL_90","27/06/2023 10:00:51 AM","OU=Computers,OU=Australia,OU=APAC,OU=Regions,DC=lovisa,DC=com"
"LOVIL-012","22/10/2020 12:52:07 PM","OU=Computers,OU=Australia,OU=APAC,OU=Regions,DC=lovisa,DC=com"
"mac-lovil-101","11/04/2022 11:57:52 AM","OU=Computers,OU=Australia,OU=APAC,OU=Regions,DC=lovisa,DC=com"
"LOVIL-005","28/10/2020 10:10:17 AM","OU=Computers,OU=Australia,OU=APAC,OU=Regions,DC=lovisa,DC=com"
"AU-LOVL-777","11/04/2022 4:42:30 PM","OU=Computers,OU=Australia,OU=APAC,OU=Regions,DC=lovisa,DC=com"
"AU_LOVIL_31","27/06/2023 4:53:46 PM","OU=Computers,OU=Australia,OU=APAC,OU=Regions,DC=lovisa,DC=com"
"LOVIL-439","14/11/2020 1:51:50 PM","OU=Computers,OU=Australia,OU=APAC,OU=Regions,DC=lovisa,DC=com"
"LOVIL-728","18/11/2020 8:59:39 AM","OU=Computers,OU=Australia,OU=APAC,OU=Regions,DC=lovisa,DC=com"
"AU-LOVL-156","30/06/2023 8:52:08 AM","OU=Computers,OU=Australia,OU=APAC,OU=Regions,DC=lovisa,DC=com"
"AU_LOVIL_32","20/05/2021 8:25:12 AM","OU=Computers,OU=Australia,OU=APAC,OU=Regions,DC=lovisa,DC=com"
"AU_LOVIL_34","25/03/2022 9:45:05 AM","OU=Computers,OU=Australia,OU=APAC,OU=Regions,DC=lovisa,DC=com"
"AU_LOVIL_43","10/05/2022 8:05:55 AM","OU=Computers,OU=Australia,OU=APAC,OU=Regions,DC=lovisa,DC=com"
"DESKTOP-KS36I4K","7/03/2023 5:56:02 PM","OU=Computers,OU=Australia,OU=APAC,OU=Regions,DC=lovisa,DC=com"
"AU_LOVIL_39","24/12/2021 9:05:24 AM","OU=Computers,OU=Australia,OU=APAC,OU=Regions,DC=lovisa,DC=com"
"LOVIL-7988","2/12/2020 11:05:06 AM","OU=Computers,OU=Australia,OU=APAC,OU=Regions,DC=lovisa,DC=com"
"LOVIL-763","24/11/2020 9:16:04 AM","OU=Computers,OU=Australia,OU=APAC,OU=Regions,DC=lovisa,DC=com"
"LOVIL-716","1/12/2020 12:20:34 PM","OU=Computers,OU=Australia,OU=APAC,OU=Regions,DC=lovisa,DC=com"
"LOVIL-036","27/12/2020 12:38:59 PM","OU=Computers,OU=Australia,OU=APAC,OU=Regions,DC=lovisa,DC=com"
"DESKTOP-N9EMM32","5/04/2022 4:38:21 PM","OU=Computers,OU=Australia,OU=APAC,OU=Regions,DC=lovisa,DC=com"
"LOVIL-762","8/07/2022 8:58:41 AM","OU=Computers,OU=Australia,OU=APAC,OU=Regions,DC=lovisa,DC=com"
"AU_LOVIL_103","2/03/2023 11:05:40 AM","OU=Computers,OU=Australia,OU=APAC,OU=Regions,DC=lovisa,DC=com"
"EMMASAF","23/08/2021 5:39:27 PM","OU=Computers,OU=South Africa,OU=Africa,OU=Regions,DC=lovisa,DC=com"
"LOVIL-998","15/11/2021 5:07:26 PM","OU=Computers,OU=Australia,OU=APAC,OU=Regions,DC=lovisa,DC=com"
"LOVIL_WH_1","23/09/2021 8:24:05 AM","OU=Computers,OU=Australia,OU=APAC,OU=Regions,DC=lovisa,DC=com"
"LOVIL-212","20/12/2021 4:04:25 PM","OU=Computers,OU=Australia,OU=APAC,OU=Regions,DC=lovisa,DC=com"
"AU_LOVIL_SF_HP","30/07/2022 10:54:53 AM","OU=Computers,OU=Australia,OU=APAC,OU=Regions,DC=lovisa,DC=com"
"LOVIL-746","18/07/2023 8:21:53 PM","OU=Computers,OU=Australia,OU=APAC,OU=Regions,DC=lovisa,DC=com"
"LOVIL-402","23/11/2021 11:25:58 AM","OU=Computers,OU=Australia,OU=APAC,OU=Regions,DC=lovisa,DC=com"
"LOVIL-242","14/02/2021 3:18:45 PM","OU=Computers,OU=Australia,OU=APAC,OU=Regions,DC=lovisa,DC=com"
"LOVITAB-115","20/04/2023 5:40:28 PM","OU=Computers,OU=Australia,OU=APAC,OU=Regions,DC=lovisa,DC=com"
"LOVIL-789","4/06/2021 9:21:28 AM","OU=Computers,OU=Australia,OU=APAC,OU=Regions,DC=lovisa,DC=com"
"AU-LOVIL-162","2/03/2023 8:58:20 AM","OU=Computers,OU=Australia,OU=APAC,OU=Regions,DC=lovisa,DC=com"
"LOVIL-426","2/03/2021 2:03:05 PM","OU=Computers,OU=Australia,OU=APAC,OU=Regions,DC=lovisa,DC=com"
"LOVIL-724","4/03/2021 2:51:16 PM","OU=Computers,OU=Australia,OU=APAC,OU=Regions,DC=lovisa,DC=com"
"USA_LOVIL_9","18/11/2021 1:25:01 AM","OU=Computers,OU=Australia,OU=APAC,OU=Regions,DC=lovisa,DC=com"
"LOVIL-757","8/12/2021 6:18:08 PM","OU=Computers,OU=Australia,OU=APAC,OU=Regions,DC=lovisa,DC=com"
"LOVIL-040","16/08/2023 3:12:11 PM","OU=Computers,OU=Australia,OU=APAC,OU=Regions,DC=lovisa,DC=com"
"FR_LOVIL_03","30/03/2021 5:38:56 PM","OU=Autopilot,OU=Computers,OU=France,OU=EURO,OU=Regions,DC=lovisa,DC=com"
"LOVIL_DE_10","17/03/2021 5:39:38 AM","OU=Autopilot,OU=Computers,OU=Germany,OU=EURO,OU=Regions,DC=lovisa,DC=com"
"LOVIL_DE_07","13/03/2021 2:28:21 AM","OU=Autopilot,OU=Computers,OU=Germany,OU=EURO,OU=Regions,DC=lovisa,DC=com"
"LOVIL_DE_05","8/04/2021 9:23:39 PM","OU=Autopilot,OU=Computers,OU=Germany,OU=EURO,OU=Regions,DC=lovisa,DC=com"
"LOVIL_DE_04","1/03/2021 7:18:24 PM","OU=Autopilot,OU=Computers,OU=Germany,OU=EURO,OU=Regions,DC=lovisa,DC=com"
"LOVITAB-211","23/02/2021 12:50:44 PM","OU=Computers,OU=Australia,OU=APAC,OU=Regions,DC=lovisa,DC=com"
"LOVITAB-114","17/02/2021 9:12:38 AM","OU=Computers,OU=Australia,OU=APAC,OU=Regions,DC=lovisa,DC=com"
"LOVIL-NSW-003","23/03/2021 11:44:15 AM","OU=Computers,OU=Australia,OU=APAC,OU=Regions,DC=lovisa,DC=com"
"LOVIL-MY-777","22/02/2021 3:37:02 PM","OU=Computers,OU=Malaysia,OU=APAC,OU=Regions,DC=lovisa,DC=com"
"LOVIL-415","9/03/2021 5:47:45 PM","OU=Computers,OU=Australia,OU=APAC,OU=Regions,DC=lovisa,DC=com"
"LAPTOP-FR-149","12/04/2021 5:02:51 PM","OU=Autopilot,OU=Computers,OU=France,OU=EURO,OU=Regions,DC=lovisa,DC=com"
"LOVIL-616","23/04/2021 2:43:07 PM","OU=Computers,OU=Australia,OU=APAC,OU=Regions,DC=lovisa,DC=com"
"LOVITAB-34-","26/04/2021 11:39:01 AM","OU=Computers,OU=Australia,OU=APAC,OU=Regions,DC=lovisa,DC=com"
"AU_LOVIL_102","26/04/2021 9:19:25 PM","OU=Computers,OU=Australia,OU=APAC,OU=Regions,DC=lovisa,DC=com"
"lovimac-jhtd5","29/04/2021 2:31:18 PM","OU=Computers,OU=Australia,OU=APAC,OU=Regions,DC=lovisa,DC=com"
"LOVIL_DE_19","29/04/2021 6:13:29 PM","OU=Autopilot,OU=Computers,OU=Germany,OU=EURO,OU=Regions,DC=lovisa,DC=com"
"LOVIL-090","8/05/2021 5:53:03 PM","OU=Computers,OU=Australia,OU=APAC,OU=Regions,DC=lovisa,DC=com"
"LOVIL_DE_03","12/05/2021 11:02:15 PM","OU=Autopilot,OU=Computers,OU=Germany,OU=EURO,OU=Regions,DC=lovisa,DC=com"
"LOVITAB-26","14/05/2021 8:22:28 AM","OU=Computers,OU=Australia,OU=APAC,OU=Regions,DC=lovisa,DC=com"
"LOVITAB-43","18/05/2021 3:25:51 PM","OU=Computers,OU=Australia,OU=APAC,OU=Regions,DC=lovisa,DC=com"
"LOVIL-739","20/06/2023 2:57:26 PM","OU=Computers,OU=Australia,OU=APAC,OU=Regions,DC=lovisa,DC=com"
"LOVIL-AU-765","18/06/2022 11:34:31 AM","OU=Computers,OU=Australia,OU=APAC,OU=Regions,DC=lovisa,DC=com"
"AU-LOVL-123","11/01/2022 1:49:25 PM","OU=Computers,OU=Australia,OU=APAC,OU=Regions,DC=lovisa,DC=com"
"LOVIL-417","24/05/2021 12:30:27 PM","OU=Computers,OU=Australia,OU=APAC,OU=Regions,DC=lovisa,DC=com"
"LOVIL-US-008","25/05/2021 8:42:47 AM","OU=Computers,OU=Australia,OU=APAC,OU=Regions,DC=lovisa,DC=com"
"LOVIL-101","29/05/2021 4:57:19 PM","OU=Computers,OU=Australia,OU=APAC,OU=Regions,DC=lovisa,DC=com"
"LV-NB-01","5/06/2021 9:31:19 PM","OU=Computers,OU=Australia,OU=APAC,OU=Regions,DC=lovisa,DC=com"
"LOVIL_FR_134","8/06/2021 5:06:12 PM","OU=Autopilot,OU=Computers,OU=France,OU=EURO,OU=Regions,DC=lovisa,DC=com"
"LOVIL_FR_2","23/05/2023 6:13:26 AM","OU=Computers,OU=Australia,OU=APAC,OU=Regions,DC=lovisa,DC=com"
"LOVIL_DE_15","1/10/2021 10:30:20 PM","OU=Autopilot,OU=Computers,OU=Germany,OU=EURO,OU=Regions,DC=lovisa,DC=com"
"LOVIL_DE_22","7/02/2022 7:09:27 PM","OU=Autopilot,OU=Computers,OU=Germany,OU=EURO,OU=Regions,DC=lovisa,DC=com"
"FR_LOVIL_02","26/06/2021 5:07:45 PM","OU=Autopilot,OU=Computers,OU=France,OU=EURO,OU=Regions,DC=lovisa,DC=com"
"LOVIL_DE_23","24/08/2021 9:38:16 PM","OU=Autopilot,OU=Computers,OU=Germany,OU=EURO,OU=Regions,DC=lovisa,DC=com"
"LOVID-006","3/07/2021 6:36:18 AM","OU=Computers,OU=Australia,OU=APAC,OU=Regions,DC=lovisa,DC=com"
"LOVIL_06_DE","29/03/2023 1:51:46 AM","OU=Autopilot,OU=Computers,OU=Germany,OU=EURO,OU=Regions,DC=lovisa,DC=com"
"USA_LOVIL_10","8/07/2021 10:14:52 AM","OU=Computers,OU=America,OU=USA,OU=Regions,DC=lovisa,DC=com"
"LOVIL_DE_32","26/06/2021 1:21:03 AM","OU=Computers,OU=Australia,OU=APAC,OU=Regions,DC=lovisa,DC=com"
"LOVIL_FR_135","5/07/2021 7:54:12 PM","OU=Computers,OU=Australia,OU=APAC,OU=Regions,DC=lovisa,DC=com"
"LOVIL_DE_12","11/10/2022 5:01:38 PM","OU=Autopilot,OU=Computers,OU=Germany,OU=EURO,OU=Regions,DC=lovisa,DC=com"
"LOVIL_DE_38","13/09/2021 4:18:26 PM","OU=Autopilot,OU=Computers,OU=France,OU=EURO,OU=Regions,DC=lovisa,DC=com"
"LOVIL_DE_01","17/02/2022 5:01:05 PM","OU=Autopilot,OU=Computers,OU=Germany,OU=EURO,OU=Regions,DC=lovisa,DC=com"
"LOVIL_DE_27","17/11/2022 7:59:17 PM","OU=Autopilot,OU=Computers,OU=Germany,OU=EURO,OU=Regions,DC=lovisa,DC=com"
"LOVIL_DE_20","25/06/2022 3:39:56 AM","OU=Autopilot,OU=Computers,OU=Germany,OU=EURO,OU=Regions,DC=lovisa,DC=com"
"LOVIL_DE_31","19/07/2023 9:57:13 PM","OU=Computers,OU=Australia,OU=APAC,OU=Regions,DC=lovisa,DC=com"
"LOVIL_DE_24","16/05/2022 6:54:32 PM","OU=Autopilot,OU=Computers,OU=Germany,OU=EURO,OU=Regions,DC=lovisa,DC=com"
"LOVIL_DE_33","6/10/2022 3:16:01 PM","OU=Computers,OU=Australia,OU=APAC,OU=Regions,DC=lovisa,DC=com"
"LAPTOP-7KOF6TV5","14/07/2021 1:06:58 AM","OU=Computers,OU=Australia,OU=APAC,OU=Regions,DC=lovisa,DC=com"
"LOVITAB-1091","29/12/2021 11:50:09 PM","OU=Computers,OU=Australia,OU=APAC,OU=Regions,DC=lovisa,DC=com"
"cats-macbook-pr","21/06/2021 9:22:45 AM","OU=Autopilot,OU=Computers,OU=Austria,OU=EURO,OU=Regions,DC=lovisa,DC=com"
"LOVITAB-437","28/06/2021 12:27:20 PM","OU=Computers,OU=Australia,OU=APAC,OU=Regions,DC=lovisa,DC=com"
"lovimac-3j1g9","5/07/2021 7:48:52 AM","OU=Computers,OU=Australia,OU=APAC,OU=Regions,DC=lovisa,DC=com"
"lovmac-1","8/07/2021 8:37:23 AM","OU=Computers,OU=Australia,OU=APAC,OU=Regions,DC=lovisa,DC=com"
"LV-INT-APP01","1/06/2021 1:41:15 PM","OU=Servers,OU=Global,OU=Regions,DC=lovisa,DC=com"
"LOVIL-7003","9/07/2022 10:43:33 AM","OU=Computers,OU=Australia,OU=APAC,OU=Regions,DC=lovisa,DC=com"
"LOVIL-AU-2321","18/07/2021 4:33:58 AM","OU=Computers,OU=Australia,OU=APAC,OU=Regions,DC=lovisa,DC=com"
"LOVIL-EU-99","12/05/2023 4:06:49 PM","OU=Autopilot,OU=Computers,OU=France,OU=EURO,OU=Regions,DC=lovisa,DC=com"
"LOVIL_DE_35","8/09/2021 4:31:02 PM","OU=Autopilot,OU=Computers,OU=Germany,OU=EURO,OU=Regions,DC=lovisa,DC=com"
"LOVIL_DE_8","12/09/2022 7:24:49 PM","OU=Autopilot,OU=Computers,OU=Germany,OU=EURO,OU=Regions,DC=lovisa,DC=com"
"LOVIL_DE_13","24/02/2023 7:24:16 PM","OU=Autopilot,OU=Computers,OU=Germany,OU=EURO,OU=Regions,DC=lovisa,DC=com"
"LOVIL-8237","17/03/2022 8:19:20 AM","OU=Computers,OU=Australia,OU=APAC,OU=Regions,DC=lovisa,DC=com"
"LOVIL_UK_1","15/11/2021 8:45:38 PM","OU=Autopilot,OU=Computers,OU=UnitedKingdom,OU=EURO,OU=Regions,DC=lovisa,DC=com"
"LOVIL-713","3/08/2021 8:15:59 PM","OU=Computers,OU=Australia,OU=APAC,OU=Regions,DC=lovisa,DC=com"
"LOVIL-989","4/08/2021 8:13:37 AM","OU=Autopilot,OU=Computers,OU=Austria,OU=EURO,OU=Regions,DC=lovisa,DC=com"
"LOVIL-AU-1116","4/08/2021 4:19:39 PM","OU=Computers,OU=Australia,OU=APAC,OU=Regions,DC=lovisa,DC=com"
"USA_LOVIL_5","5/08/2021 2:02:41 AM","OU=Computers,OU=America,OU=USA,OU=Regions,DC=lovisa,DC=com"
"DESKTOP-I2KTLL8","7/03/2023 9:30:29 PM","OU=Computers,OU=Australia,OU=APAC,OU=Regions,DC=lovisa,DC=com"
"AU-LOVIL-009","16/08/2023 10:49:28 AM","OU=Computers,OU=Australia,OU=APAC,OU=Regions,DC=lovisa,DC=com"
"LOVIL_DE_16","24/05/2023 1:59:47 AM","OU=Autopilot,OU=Computers,OU=Germany,OU=EURO,OU=Regions,DC=lovisa,DC=com"
"LOVIL_DE_28","8/08/2022 9:11:07 PM","OU=Autopilot,OU=Computers,OU=Germany,OU=EURO,OU=Regions,DC=lovisa,DC=com"
"AU_LOVIL_41","6/09/2021 8:03:22 AM","OU=Computers,OU=Australia,OU=APAC,OU=Regions,DC=lovisa,DC=com"
"LOVIL_FR_23","26/01/2023 1:21:10 AM","OU=Autopilot,OU=Computers,OU=France,OU=EURO,OU=Regions,DC=lovisa,DC=com"
"LOVIL_DE_06","26/01/2022 8:24:12 PM","OU=Computers,OU=Australia,OU=APAC,OU=Regions,DC=lovisa,DC=com"
"AU-LOVL-188","16/09/2021 9:25:59 AM","OU=Computers,OU=Australia,OU=APAC,OU=Regions,DC=lovisa,DC=com"
"LOVIL-AU-2328","8/07/2021 12:13:18 PM","OU=Computers,OU=Australia,OU=APAC,OU=Regions,DC=lovisa,DC=com"
"LOVIL-6577","15/09/2021 6:36:55 AM","OU=Computers,OU=Australia,OU=APAC,OU=Regions,DC=lovisa,DC=com"
"LOVIL-7264","5/08/2021 1:06:43 PM","OU=Computers,OU=Australia,OU=APAC,OU=Regions,DC=lovisa,DC=com"
"LOVIL-7823","13/06/2021 12:20:48 PM","OU=Computers,OU=Australia,OU=APAC,OU=Regions,DC=lovisa,DC=com"
"LOVIL-9283","5/09/2021 3:03:42 PM","OU=Computers,OU=Australia,OU=APAC,OU=Regions,DC=lovisa,DC=com"
"LOVIL-USA-1427","13/09/2021 11:48:10 AM","OU=Computers,OU=America,OU=USA,OU=Regions,DC=lovisa,DC=com"
"LOVIL-AU-2325","13/09/2021 8:25:25 AM","OU=Computers,OU=Australia,OU=APAC,OU=Regions,DC=lovisa,DC=com"
"LOVIL-AU-7162","19/12/2021 8:46:10 AM","OU=Computers,OU=Australia,OU=APAC,OU=Regions,DC=lovisa,DC=com"
"LOVIL-3033","23/09/2021 5:31:29 PM","OU=Computers,OU=Australia,OU=APAC,OU=Regions,DC=lovisa,DC=com"
"LOVIL_DE_40","24/05/2022 9:26:31 PM","OU=Autopilot,OU=Computers,OU=Germany,OU=EURO,OU=Regions,DC=lovisa,DC=com"
"AU_LOVIL_37","8/01/2023 11:48:18 AM","OU=Computers,OU=Australia,OU=APAC,OU=Regions,DC=lovisa,DC=com"
"LOVIL-7297","4/10/2021 8:45:29 AM","OU=Computers,OU=Australia,OU=APAC,OU=Regions,DC=lovisa,DC=com"
"LAPTOP-S763KMQ6","20/04/2022 4:35:44 PM","CN=Computers,DC=lovisa,DC=com"
"LAPTOP-1PKPFI6K","6/10/2021 1:44:43 AM","OU=Autopilot,OU=Computers,OU=France,OU=EURO,OU=Regions,DC=lovisa,DC=com"
"LOVIL_DE_08","26/01/2022 8:10:18 PM","OU=Autopilot,OU=Computers,OU=Germany,OU=EURO,OU=Regions,DC=lovisa,DC=com"
"DESKTOP-3DLKEB6","31/10/2022 9:14:32 PM","CN=Computers,DC=lovisa,DC=com"
"AMANDA-ROYALTY","14/10/2021 1:16:44 PM","OU=Computers,OU=Australia,OU=APAC,OU=Regions,DC=lovisa,DC=com"
"LAPTOP-JUODBUIK","20/10/2021 2:18:42 PM","OU=Computers,OU=America,OU=USA,OU=Regions,DC=lovisa,DC=com"
"EC2AMAZ-OUO40JG","1/11/2021 4:44:33 PM","CN=Computers,DC=lovisa,DC=com"
"LOVIL-759","5/11/2021 8:18:32 AM","OU=Computers,OU=Australia,OU=APAC,OU=Regions,DC=lovisa,DC=com"
"LOVIL-8744","22/03/2022 9:09:34 AM","OU=Computers,OU=Australia,OU=APAC,OU=Regions,DC=lovisa,DC=com"
"LOVIL-2627","3/03/2022 8:44:49 AM","OU=Computers,OU=Australia,OU=APAC,OU=Regions,DC=lovisa,DC=com"
"BONAVENTURE","8/09/2022 4:48:59 PM","OU=Computers,OU=Australia,OU=APAC,OU=Regions,DC=lovisa,DC=com"
"DESKTOP-PTD0QGN","3/10/2022 4:53:44 PM","CN=Computers,DC=lovisa,DC=com"
"AU_LOVIL_OP1","22/09/2022 9:10:39 PM","OU=Computers,OU=Australia,OU=APAC,OU=Regions,DC=lovisa,DC=com"
"LAPTOP-AU-0001","13/06/2023 8:38:03 AM","OU=Computers,OU=Australia,OU=APAC,OU=Regions,DC=lovisa,DC=com"
"LOVIL_DE_18","8/11/2021 6:33:20 PM","OU=Autopilot,OU=Computers,OU=Germany,OU=EURO,OU=Regions,DC=lovisa,DC=com"
"LOVIL_DE_14","11/02/2022 1:09:31 AM","OU=Autopilot,OU=Computers,OU=Germany,OU=EURO,OU=Regions,DC=lovisa,DC=com"
"LOVIL_DE_17","24/01/2022 6:41:18 PM","OU=Autopilot,OU=Computers,OU=Germany,OU=EURO,OU=Regions,DC=lovisa,DC=com"
"ITHIAM","7/11/2021 4:23:42 AM","OU=Computers,OU=Australia,OU=APAC,OU=Regions,DC=lovisa,DC=com"
"DESKTOP-P3A0Q4V","4/07/2023 5:41:55 PM","OU=Autopilot,OU=Computers,OU=UnitedKingdom,OU=EURO,OU=Regions,DC=lovisa,DC=com"
"IBRAHIM-PC","11/11/2021 4:01:31 AM","OU=Autopilot,OU=Computers,OU=UnitedKingdom,OU=EURO,OU=Regions,DC=lovisa,DC=com"
"EC2AMAZ-SNN4DGM","11/11/2021 11:21:06 AM","CN=Computers,DC=lovisa,DC=com"
"EC2AMAZ-UM19MNV","11/11/2021 5:55:34 PM","CN=Computers,DC=lovisa,DC=com"
"LAPTOP-QFH1SFGC","24/01/2023 8:41:57 PM","OU=Computers,OU=Australia,OU=APAC,OU=Regions,DC=lovisa,DC=com"
"LOVIL_DE_25","21/02/2022 8:04:42 PM","OU=Autopilot,OU=Computers,OU=Germany,OU=EURO,OU=Regions,DC=lovisa,DC=com"
"LOVIL-422","16/11/2021 6:48:51 PM","OU=Computers,OU=Australia,OU=APAC,OU=Regions,DC=lovisa,DC=com"
"LOVIL-489","16/11/2021 9:20:58 AM","OU=Computers,OU=Australia,OU=APAC,OU=Regions,DC=lovisa,DC=com"
"LOVIL_AU_1","27/06/2023 8:07:01 AM","OU=Computers,OU=Australia,OU=APAC,OU=Regions,DC=lovisa,DC=com"
"LOVIL_FR_33","25/11/2021 4:20:20 PM","OU=Autopilot,OU=Computers,OU=France,OU=EURO,OU=Regions,DC=lovisa,DC=com"
"FR_LOVIL_06","4/01/2023 8:41:26 PM","OU=Autopilot,OU=Computers,OU=France,OU=EURO,OU=Regions,DC=lovisa,DC=com"
"FR_LOVIL_07","19/01/2023 8:56:44 PM","OU=Autopilot,OU=Computers,OU=France,OU=EURO,OU=Regions,DC=lovisa,DC=com"
"LOVIL_DE_02","20/11/2021 1:47:29 AM","OU=Autopilot,OU=Computers,OU=Germany,OU=EURO,OU=Regions,DC=lovisa,DC=com"
"LOVIL-1210","16/11/2021 7:38:50 AM","OU=Computers,OU=Australia,OU=APAC,OU=Regions,DC=lovisa,DC=com"
"MY_LOVIL_3","23/11/2021 7:40:57 PM","OU=Computers,OU=Malaysia,OU=APAC,OU=Regions,DC=lovisa,DC=com"
"au-mac-003","24/11/2021 10:10:13 AM","OU=Computers,OU=Australia,OU=APAC,OU=Regions,DC=lovisa,DC=com"
"LOVID-401","25/11/2021 6:53:45 AM","OU=Computers,OU=Australia,OU=APAC,OU=Regions,DC=lovisa,DC=com"
"LOVIL_FR_10","27/02/2023 9:14:23 AM","OU=Autopilot,OU=Computers,OU=France,OU=EURO,OU=Regions,DC=lovisa,DC=com"
"LOVIL-765","23/01/2023 8:16:46 AM","OU=Computers,OU=Australia,OU=APAC,OU=Regions,DC=lovisa,DC=com"
"WAREHOUSE_POS2","29/11/2021 11:43:58 AM","OU=Computers,OU=Australia,OU=APAC,OU=Regions,DC=lovisa,DC=com"
"LOVIL_FR_3321","30/11/2021 1:12:00 AM","OU=Autopilot,OU=Computers,OU=France,OU=EURO,OU=Regions,DC=lovisa,DC=com"
"CLERISEJ","15/03/2022 4:23:49 PM","OU=Computers,OU=South Africa,OU=Africa,OU=Regions,DC=lovisa,DC=com"
"DESKTOP-GRMOSR5","30/11/2021 7:41:56 PM","OU=Autopilot,OU=Computers,OU=UnitedKingdom,OU=EURO,OU=Regions,DC=lovisa,DC=com"
"SESH-PC","3/11/2022 7:20:27 PM","CN=Computers,DC=lovisa,DC=com"
"LOVIL-789322","1/12/2021 3:39:12 PM","CN=Computers,DC=lovisa,DC=com"
"LOVIL-7634","3/01/2022 10:16:54 PM","CN=Computers,DC=lovisa,DC=com"
"LOVIL-9247","21/03/2022 3:19:22 PM","OU=Computers,OU=Australia,OU=APAC,OU=Regions,DC=lovisa,DC=com"
"NDAMULELO-PC","9/05/2022 4:09:13 PM","CN=Computers,DC=lovisa,DC=com"
"THEMBI-PC","25/04/2022 9:40:58 PM","CN=Computers,DC=lovisa,DC=com"
"LOVIL-2848","1/12/2021 4:52:07 PM","CN=Computers,DC=lovisa,DC=com"
"LOVIL-5462","22/07/2022 11:27:57 AM","OU=Computers,OU=Australia,OU=APAC,OU=Regions,DC=lovisa,DC=com"
"LOVIL-4609","10/12/2021 9:16:11 AM","CN=Computers,DC=lovisa,DC=com"
"LOVIL-LBAEZAASS","17/12/2021 4:13:48 PM","OU=Test Autopilot Domain Join,OU=Autopilot Domain Join,DC=lovisa,DC=com"
"LOVIL-8735","12/01/2023 2:45:06 PM","CN=Computers,DC=lovisa,DC=com"
"LOVIL-GM72FEJPT","18/12/2021 5:14:44 PM","OU=Autopilot,OU=Computers,OU=America,OU=USA,OU=Regions,DC=lovisa,DC=com"
"LOVIL-R9QCN5KGI","1/06/2022 12:50:49 AM","OU=Autopilot,OU=Computers,OU=America,OU=USA,OU=Regions,DC=lovisa,DC=com"
"LOVIL-7837","20/12/2021 3:44:03 PM","CN=Computers,DC=lovisa,DC=com"
"LOVIL-772","21/12/2021 9:05:46 AM","OU=Computers,OU=Australia,OU=APAC,OU=Regions,DC=lovisa,DC=com"
"LOVIL-KCDQS7DXG","15/08/2023 1:31:57 AM","OU=Autopilot,OU=Computers,OU=America,OU=USA,OU=Regions,DC=lovisa,DC=com"
"LOVIL-486","21/12/2021 12:25:29 PM","CN=Computers,DC=lovisa,DC=com"
"LOVIL-NAWZAWMS4","21/12/2021 1:12:52 PM","OU=Autopilot,OU=Computers,OU=Australia,OU=APAC,OU=Regions,DC=lovisa,DC=com"
"administrators","22/12/2021 11:24:52 AM","OU=Computers,OU=Australia,OU=APAC,OU=Regions,DC=lovisa,DC=com"
"LOVID-XGJZQCVAN","23/12/2021 1:44:55 PM","OU=Test Autopilot Domain Join,OU=Autopilot Domain Join,DC=lovisa,DC=com"
"LOVIL-HCC4WU322","21/08/2022 8:34:40 AM","OU=Autopilot,OU=Computers,OU=Australia,OU=APAC,OU=Regions,DC=lovisa,DC=com"
"LOVIL-3847","12/09/2022 7:24:48 AM","OU=Computers,OU=Australia,OU=APAC,OU=Regions,DC=lovisa,DC=com"
"WELILE_PC","25/04/2022 9:29:37 PM","CN=Computers,DC=lovisa,DC=com"
"LOVIL-1456","29/12/2021 8:46:35 AM","CN=Computers,DC=lovisa,DC=com"
"LOVIL-AU-93685","23/12/2021 3:01:30 PM","OU=Computers,OU=Australia,OU=APAC,OU=Regions,DC=lovisa,DC=com"
"LOVIL-4537","20/12/2021 3:55:15 PM","OU=Computers,OU=Australia,OU=APAC,OU=Regions,DC=lovisa,DC=com"
"LOVIL-9991","6/02/2023 6:38:44 PM","CN=Computers,DC=lovisa,DC=com"
"LOVIL-9992","26/01/2022 9:37:32 PM","CN=Computers,DC=lovisa,DC=com"
"LOVIL-9993","31/05/2022 6:57:55 PM","CN=Computers,DC=lovisa,DC=com"
"LOVIL-9994","18/07/2023 7:55:58 PM","CN=Computers,DC=lovisa,DC=com"
"LOVIL-070","3/01/2022 9:12:45 AM","CN=Computers,DC=lovisa,DC=com"
"LOVITAB-94","4/01/2022 1:17:14 PM","OU=Computers,OU=Australia,OU=APAC,OU=Regions,DC=lovisa,DC=com"
"LOVIL-9995","23/03/2022 6:59:24 PM","CN=Computers,DC=lovisa,DC=com"
"LOVIL-5471","4/01/2022 9:14:14 AM","OU=Computers,OU=Australia,OU=APAC,OU=Regions,DC=lovisa,DC=com"
"LOVIL-5465","21/08/2023 1:55:48 PM","OU=Computers,OU=Australia,OU=APAC,OU=Regions,DC=lovisa,DC=com"
"LOVIL-015","9/01/2022 9:06:46 AM","OU=Computers,OU=Australia,OU=APAC,OU=Regions,DC=lovisa,DC=com"
"LOVIL-MAC-003","10/01/2022 12:41:52 PM","OU=Computers,OU=Australia,OU=APAC,OU=Regions,DC=lovisa,DC=com"
"LOVIL-5473","8/07/2022 3:51:47 PM","OU=Computers,OU=Australia,OU=APAC,OU=Regions,DC=lovisa,DC=com"
"LOVIL-069","3/01/2022 2:03:02 PM","OU=Computers,OU=Australia,OU=APAC,OU=Regions,DC=lovisa,DC=com"
"LOVIL-5668","11/01/2022 3:40:59 PM","OU=Computers,OU=Australia,OU=APAC,OU=Regions,DC=lovisa,DC=com"
"LOVIL-MJQ5SV63Q","20/01/2022 12:55:58 PM","OU=Autopilot,OU=Computers,OU=Singapore,OU=APAC,OU=Regions,DC=lovisa,DC=com"
"LOVIL_DE_26","14/04/2022 11:06:19 PM","OU=Autopilot,OU=Computers,OU=Germany,OU=EURO,OU=Regions,DC=lovisa,DC=com"
"LOVIL_DE_09","21/02/2023 2:02:30 AM","OU=Autopilot,OU=Computers,OU=Germany,OU=EURO,OU=Regions,DC=lovisa,DC=com"
"LOVIL-DNOY1M8BE","27/07/2022 2:21:40 AM","OU=Autopilot,OU=Computers,OU=UnitedKingdom,OU=EURO,OU=Regions,DC=lovisa,DC=com"
"LOVIL-730","8/02/2022 10:55:48 AM","OU=Computers,OU=Australia,OU=APAC,OU=Regions,DC=lovisa,DC=com"
"LOVIL-4362","11/02/2022 8:36:19 AM","CN=Computers,DC=lovisa,DC=com"
"USA_LOVIL_8","17/02/2022 10:13:40 AM","OU=Computers,OU=America,OU=USA,OU=Regions,DC=lovisa,DC=com"
"LOVIL-070","20/02/2022 2:46:10 PM","OU=Computers,OU=Australia,OU=APAC,OU=Regions,DC=lovisa,DC=com"
"WAREHOUSE_POS6","21/02/2022 8:26:30 AM","OU=Computers,OU=Australia,OU=APAC,OU=Regions,DC=lovisa,DC=com"
"LOVIL-8137","25/04/2023 2:26:22 AM","OU=Computers,OU=Australia,OU=APAC,OU=Regions,DC=lovisa,DC=com"
"LOVIL-5461","26/02/2022 12:49:46 AM","CN=Computers,DC=lovisa,DC=com"
"LOVIL-6699","26/02/2022 3:15:28 PM","CN=Computers,DC=lovisa,DC=com"
"LOVIL-5687","2/03/2022 4:43:11 PM","OU=Computers,OU=Australia,OU=APAC,OU=Regions,DC=lovisa,DC=com"
"TANIA-PC","30/09/2022 8:43:04 PM","CN=Computers,DC=lovisa,DC=com"
"LOVIL-8665","3/03/2022 12:34:26 PM","OU=Computers,OU=Australia,OU=APAC,OU=Regions,DC=lovisa,DC=com"
"LOVIL-5481","3/03/2022 3:34:57 PM","OU=Computers,OU=Australia,OU=APAC,OU=Regions,DC=lovisa,DC=com"
"LOVIL-5482","1/06/2022 1:08:25 AM","OU=Computers,OU=America,OU=USA,OU=Regions,DC=lovisa,DC=com"
"LOVIL-LUGQG8KKL","14/06/2023 9:11:53 AM","OU=Autopilot,OU=Computers,OU=Australia,OU=APAC,OU=Regions,DC=lovisa,DC=com"
"LOVIL-QQEPQXAB5","31/07/2023 8:49:54 AM","OU=Autopilot,OU=Computers,OU=Australia,OU=APAC,OU=Regions,DC=lovisa,DC=com"
"LOVIL-MWLZDYCOY","9/10/2022 1:13:24 PM","OU=Autopilot,OU=Computers,OU=NewZealand,OU=APAC,OU=Regions,DC=lovisa,DC=com"
"LOVIL-5678","7/03/2022 1:59:02 PM","CN=Computers,DC=lovisa,DC=com"
"LOVIL-DIPG7R2EH","14/08/2023 7:34:17 PM","OU=Autopilot,OU=Computers,OU=Australia,OU=APAC,OU=Regions,DC=lovisa,DC=com"
"LOVIL-8347","8/03/2022 9:16:26 AM","OU=Computers,OU=Australia,OU=APAC,OU=Regions,DC=lovisa,DC=com"
"LOVIJUMPBOX1","10/03/2022 10:33:35 AM","CN=Computers,DC=lovisa,DC=com"
"LOVI-4100","31/12/2022 1:56:51 AM","CN=Computers,DC=lovisa,DC=com"
"US-WH-L01","21/03/2022 4:28:13 PM","OU=DistributionCenter,OU=Computers,OU=America,OU=USA,OU=Regions,DC=lovisa,DC=com"
"US-WH-L04","1/04/2022 9:55:04 AM","OU=DistributionCenter,OU=Computers,OU=America,OU=USA,OU=Regions,DC=lovisa,DC=com"
"LOVIL-5475","16/08/2023 2:55:11 PM","OU=Computers,OU=Australia,OU=APAC,OU=Regions,DC=lovisa,DC=com"
"LOVIL_DE_11","9/05/2023 12:08:05 AM","OU=Autopilot,OU=Computers,OU=Germany,OU=EURO,OU=Regions,DC=lovisa,DC=com"
"LOVIL-203","23/03/2022 11:45:52 PM","OU=Computers,OU=Australia,OU=APAC,OU=Regions,DC=lovisa,DC=com"
"LOVIL_DE_30","25/03/2022 11:42:14 PM","OU=Autopilot,OU=Computers,OU=Germany,OU=EURO,OU=Regions,DC=lovisa,DC=com"
"LOVIL_AU_104","28/03/2022 9:20:07 AM","OU=Computers,OU=Australia,OU=APAC,OU=Regions,DC=lovisa,DC=com"
"LOVIL_FR_5","19/09/2022 11:18:40 PM","OU=Autopilot,OU=Computers,OU=France,OU=EURO,OU=Regions,DC=lovisa,DC=com"
"LOVIL-DYCKQFU6J","13/07/2023 4:32:03 PM","OU=Autopilot Domain Join,DC=lovisa,DC=com"
"LOVIL-5670","4/10/2022 3:51:22 AM","CN=Computers,DC=lovisa,DC=com"
"LOVIL_DE_34","25/03/2022 11:52:24 PM","OU=Autopilot,OU=Computers,OU=Germany,OU=EURO,OU=Regions,DC=lovisa,DC=com"
"LOVIL-4382","4/04/2022 9:04:46 AM","CN=Computers,DC=lovisa,DC=com"
"LOVIL-245-AU","5/04/2022 1:59:41 PM","OU=Computers,OU=Australia,OU=APAC,OU=Regions,DC=lovisa,DC=com"
"LOVIL_AU_1289","24/09/2022 4:18:48 PM","OU=Autopilot,OU=Computers,OU=Germany,OU=EURO,OU=Regions,DC=lovisa,DC=com"
"LV-INT-SQL01","11/04/2022 3:18:25 PM","CN=Computers,DC=lovisa,DC=com"
"LOVIL-6342","11/04/2022 4:46:09 PM","OU=Computers,OU=Australia,OU=APAC,OU=Regions,DC=lovisa,DC=com"
"LOVIL-5669","12/04/2022 10:40:17 AM","OU=Computers,OU=Australia,OU=APAC,OU=Regions,DC=lovisa,DC=com"
"LOVIL-YILMGM6EC","28/06/2022 12:52:55 PM","OU=Autopilot Domain Join,DC=lovisa,DC=com"
"DESKTOP-N8GTUSU","12/04/2022 7:53:53 PM","OU=Computers,OU=Australia,OU=APAC,OU=Regions,DC=lovisa,DC=com"
"ANIBAL-PC","11/04/2023 2:22:05 AM","CN=Computers,DC=lovisa,DC=com"
"LOVIL-454","19/04/2022 8:20:00 AM","CN=Computers,DC=lovisa,DC=com"
"KRYSTALC-PC","23/08/2023 7:38:36 AM","CN=Computers,DC=lovisa,DC=com"
"USA_LOVIL_3","20/04/2022 4:11:47 AM","OU=Computers,OU=America,OU=USA,OU=Regions,DC=lovisa,DC=com"
"LOVI-US-1541","11/04/2023 12:28:00 AM","OU=Computers,OU=America,OU=USA,OU=Regions,DC=lovisa,DC=com"
"AUSTINK-PC","11/06/2022 4:21:44 AM","CN=Computers,DC=lovisa,DC=com"
"CLAUDIA_TEMP","14/11/2022 7:20:55 PM","CN=Computers,DC=lovisa,DC=com"
"LAPTOP-V118H8DO","12/06/2022 4:31:21 AM","OU=Computers,OU=Australia,OU=APAC,OU=Regions,DC=lovisa,DC=com"
"LOVIL-727","17/04/2022 11:52:16 PM","OU=Computers,OU=Australia,OU=APAC,OU=Regions,DC=lovisa,DC=com"
"LOVIL-OIZLL7KGN","18/08/2022 3:33:35 PM","OU=Autopilot,OU=Computers,OU=South Africa,OU=Africa,OU=Regions,DC=lovisa,DC=com"
"LOVIL-UDKMJ88IO","30/03/2023 10:24:41 PM","OU=Autopilot,OU=Computers,OU=South Africa,OU=Africa,OU=Regions,DC=lovisa,DC=com"
"LOVIL-5476","19/04/2022 8:40:24 AM","OU=Computers,OU=Australia,OU=APAC,OU=Regions,DC=lovisa,DC=com"
"STEPHANIES-PC","11/05/2022 3:13:02 AM","CN=Computers,DC=lovisa,DC=com"
"DANIELLEH-PC","19/04/2023 9:11:39 AM","CN=Computers,DC=lovisa,DC=com"
"LOVIL-5479","2/05/2022 10:06:07 AM","OU=Computers,OU=Australia,OU=APAC,OU=Regions,DC=lovisa,DC=com"
"LOVIW-008","27/01/2023 3:32:33 PM","OU=Computers,OU=Australia,OU=APAC,OU=Regions,DC=lovisa,DC=com"
"LOVIL-NZ6YHOBYA","28/06/2023 3:08:56 PM","OU=Autopilot,OU=Computers,OU=Australia,OU=APAC,OU=Regions,DC=lovisa,DC=com"
"LOVIL-420","3/06/2022 2:46:21 AM","CN=Computers,DC=lovisa,DC=com"
"LOVIL_DE_21","12/05/2022 10:20:54 PM","OU=Autopilot,OU=Computers,OU=Germany,OU=EURO,OU=Regions,DC=lovisa,DC=com"
"LOVIL-735","13/05/2022 2:03:03 AM","OU=Computers,OU=Australia,OU=APAC,OU=Regions,DC=lovisa,DC=com"
"EMILYME-PC","6/07/2022 1:34:57 AM","CN=Computers,DC=lovisa,DC=com"
"LOVIL-7289","14/05/2022 7:48:05 PM","OU=Computers,OU=Australia,OU=APAC,OU=Regions,DC=lovisa,DC=com"
"DESKTOP-JP1G18U","18/05/2022 6:13:31 PM","CN=Computers,DC=lovisa,DC=com"
"USA_LOVIL_14","24/05/2022 1:35:09 PM","OU=Computers,OU=America,OU=USA,OU=Regions,DC=lovisa,DC=com"
"USA-REG-101","17/06/2023 10:17:38 AM","OU=Computers,OU=America,OU=USA,OU=Regions,DC=lovisa,DC=com"
"USA-LOVIL-195","4/06/2022 9:38:58 AM","OU=Computers,OU=America,OU=USA,OU=Regions,DC=lovisa,DC=com"
"USA_LOVIL_17","21/04/2023 1:53:58 AM","OU=Computers,OU=America,OU=USA,OU=Regions,DC=lovisa,DC=com"
"LOVIL-5468","18/05/2023 9:04:22 AM","CN=Computers,DC=lovisa,DC=com"
"LOVIL-7002","10/06/2022 10:34:07 PM","CN=Computers,DC=lovisa,DC=com"
"LOVIL-4971","14/06/2022 12:02:26 PM","OU=Computers,OU=Australia,OU=APAC,OU=Regions,DC=lovisa,DC=com"
"LOVIL-VZ3MEWOUM","17/07/2023 10:44:50 AM","OU=Autopilot,OU=Computers,OU=Australia,OU=APAC,OU=Regions,DC=lovisa,DC=com"
"LOVIL-7007","1/10/2022 1:18:30 AM","CN=Computers,DC=lovisa,DC=com"
"LOVIL-741","18/06/2022 1:11:12 PM","OU=Computers,OU=Australia,OU=APAC,OU=Regions,DC=lovisa,DC=com"
"LOVIL-4170","18/06/2022 1:03:52 PM","OU=Autopilot,OU=Computers,OU=Austria,OU=EURO,OU=Regions,DC=lovisa,DC=com"
"LOVIL-7382","18/06/2022 1:33:49 PM","OU=Computers,OU=Australia,OU=APAC,OU=Regions,DC=lovisa,DC=com"
"LOVIL-5477","18/06/2022 2:26:51 PM","OU=Computers,OU=Australia,OU=APAC,OU=Regions,DC=lovisa,DC=com"
"LOVIL-773","19/06/2022 9:11:10 AM","CN=Computers,DC=lovisa,DC=com"
"LOVIINFRA01","19/06/2022 12:57:57 PM","CN=Computers,DC=lovisa,DC=com"
"LOVIL-7IWJX1IJC","1/08/2023 4:42:26 PM","OU=Autopilot,OU=Computers,OU=South Africa,OU=Africa,OU=Regions,DC=lovisa,DC=com"
"LOVIL-7009","26/09/2022 10:07:00 PM","CN=Computers,DC=lovisa,DC=com"
"FR_LOVIL_01","22/06/2022 6:29:55 PM","OU=Autopilot,OU=Computers,OU=France,OU=EURO,OU=Regions,DC=lovisa,DC=com"
"LOVIL_7001","22/06/2022 11:43:35 PM","CN=Computers,DC=lovisa,DC=com"
"LOVIL-5485","1/07/2022 2:45:17 PM","OU=Computers,OU=America,OU=USA,OU=Regions,DC=lovisa,DC=com"
"LOVIL-AU-104","7/07/2022 1:00:23 PM","OU=Computers,OU=Australia,OU=APAC,OU=Regions,DC=lovisa,DC=com"
"LOVIL-497","7/07/2022 3:58:55 PM","OU=Computers,OU=Australia,OU=APAC,OU=Regions,DC=lovisa,DC=com"
"LOVIL-8KWE5UGLT","20/10/2022 7:26:50 PM","OU=Autopilot,OU=Computers,OU=South Africa,OU=Africa,OU=Regions,DC=lovisa,DC=com"
"USA_LOVIL_27","22/10/2022 4:46:01 AM","OU=Computers,OU=America,OU=USA,OU=Regions,DC=lovisa,DC=com"
"LOVIL-NSW-010","28/11/2022 2:46:38 PM","OU=Computers,OU=Australia,OU=APAC,OU=Regions,DC=lovisa,DC=com"
"LOVIL-430","11/07/2022 9:57:46 AM","OU=Computers,OU=Australia,OU=APAC,OU=Regions,DC=lovisa,DC=com"
"LOV-WHPR-1","11/07/2022 10:10:00 AM","CN=Computers,DC=lovisa,DC=com"
"hannahbmac","5/07/2022 8:18:05 AM","OU=Computers,OU=Australia,OU=APAC,OU=Regions,DC=lovisa,DC=com"
"USA_LOVIL_19","14/07/2022 10:09:55 AM","OU=Computers,OU=America,OU=USA,OU=Regions,DC=lovisa,DC=com"
"USA_LOVIL_20","14/06/2023 8:17:48 AM","OU=Computers,OU=America,OU=USA,OU=Regions,DC=lovisa,DC=com"
"LAPTOP-H8P13TI0","21/06/2023 2:59:34 AM","OU=Computers,OU=America,OU=USA,OU=Regions,DC=lovisa,DC=com"
"LOVIL-5470","6/07/2023 1:43:39 PM","CN=Computers,DC=lovisa,DC=com"
"DESKTOP-HKEVRAT","15/08/2022 11:46:22 PM","CN=Computers,DC=lovisa,DC=com"
"LOVIL-199","30/07/2022 9:48:01 AM","OU=Computers,OU=Australia,OU=APAC,OU=Regions,DC=lovisa,DC=com"
"USA_LOVIL_6","1/08/2022 10:35:48 PM","OU=Computers,OU=America,OU=USA,OU=Regions,DC=lovisa,DC=com"
"LOVIL-CEXOCNS0Q","14/02/2023 5:49:05 AM","OU=Autopilot,OU=Computers,OU=America,OU=USA,OU=Regions,DC=lovisa,DC=com"
"LOVIL-R1DCRZZ5N","3/08/2022 7:06:01 PM","OU=Autopilot,OU=Computers,OU=UnitedKingdom,OU=EURO,OU=Regions,DC=lovisa,DC=com"
"LOVIL-HJDGPEGZG","22/09/2022 12:27:01 AM","OU=Autopilot,OU=Computers,OU=America,OU=USA,OU=Regions,DC=lovisa,DC=com"
"LOVIL-XSPKGEB21","10/08/2023 4:37:11 AM","OU=Autopilot Domain Join,DC=lovisa,DC=com"
"LOVIL-7000","16/08/2022 5:01:50 PM","CN=Computers,DC=lovisa,DC=com"
"LOVIL-810","17/08/2022 9:05:43 AM","OU=Computers,OU=Australia,OU=APAC,OU=Regions,DC=lovisa,DC=com"
"LOVIMIMIC01","8/08/2022 3:45:30 PM","OU=Servers,OU=Global,OU=Regions,DC=lovisa,DC=com"
"AU_LOVIL_42","18/08/2022 10:17:23 AM","OU=Computers,OU=Australia,OU=APAC,OU=Regions,DC=lovisa,DC=com"
"LOVIL-5472","27/02/2023 8:39:41 AM","OU=Computers,OU=Australia,OU=APAC,OU=Regions,DC=lovisa,DC=com"
"DESKTOP-E6US84V","4/05/2023 4:40:02 PM","CN=Computers,DC=lovisa,DC=com"
"LOVIL-5648","19/08/2022 1:29:37 AM","OU=Computers,OU=Australia,OU=APAC,OU=Regions,DC=lovisa,DC=com"
"LOVIL-193","24/08/2022 8:28:05 PM","OU=Computers,OU=Australia,OU=APAC,OU=Regions,DC=lovisa,DC=com"
"LOVIL-442","19/07/2023 5:16:45 PM","OU=Computers,OU=Australia,OU=APAC,OU=Regions,DC=lovisa,DC=com"
"LOVIL-7016","3/02/2023 9:21:33 PM","CN=Computers,DC=lovisa,DC=com"
"au-mac-005","13/07/2023 7:06:37 AM","OU=Computers,OU=Australia,OU=APAC,OU=Regions,DC=lovisa,DC=com"
"LOVIL-3578","13/03/2023 6:51:47 PM","CN=Computers,DC=lovisa,DC=com"
"LOVIL-7018","12/09/2022 8:43:11 PM","CN=Computers,DC=lovisa,DC=com"
"LOVIL-XZQDDDTEH","15/06/2023 10:42:54 PM","OU=Autopilot,OU=Computers,OU=France,OU=EURO,OU=Regions,DC=lovisa,DC=com"
"LOVIL-742","13/09/2022 12:05:47 AM","OU=Computers,OU=Australia,OU=APAC,OU=Regions,DC=lovisa,DC=com"
"LOVIL-7001","27/03/2023 5:30:41 PM","CN=Computers,DC=lovisa,DC=com"
"LOVIUSA188","3/11/2021 8:40:31 AM","OU=Computers,OU=America,OU=USA,OU=Regions,DC=lovisa,DC=com"
"LOVI_US_8765","13/10/2021 9:11:00 AM","OU=Computers,OU=America,OU=USA,OU=Regions,DC=lovisa,DC=com"
"LOVIL-1337","8/05/2022 8:41:06 PM","OU=Computers,OU=Australia,OU=APAC,OU=Regions,DC=lovisa,DC=com"
"LOVI-234","13/09/2022 7:05:06 PM","OU=Computers,OU=Australia,OU=APAC,OU=Regions,DC=lovisa,DC=com"
"LOVIL-U98K6MAII","1/07/2023 7:53:15 PM","OU=Autopilot,OU=Computers,OU=Germany,OU=EURO,OU=Regions,DC=lovisa,DC=com"
"LOVIL_FR_4","15/02/2023 8:46:40 PM","OU=Autopilot,OU=Computers,OU=France,OU=EURO,OU=Regions,DC=lovisa,DC=com"
"LOVIL_FR_11","25/09/2022 12:33:18 AM","OU=Autopilot,OU=Computers,OU=France,OU=EURO,OU=Regions,DC=lovisa,DC=com"
"LOVIL-6YMTNHTDU","17/05/2023 3:47:16 AM","OU=Autopilot,OU=Computers,OU=America,OU=USA,OU=Regions,DC=lovisa,DC=com"
"LOVIL-CZJU4XHBU","8/11/2022 5:09:21 AM","OU=Autopilot,OU=Computers,OU=Australia,OU=APAC,OU=Regions,DC=lovisa,DC=com"
"EUWESTAPPZAL01","13/05/2023 4:47:17 AM","OU=Servers,OU=Global,OU=Regions,DC=lovisa,DC=com"
"EUWESTSQLZAL01","13/05/2023 3:57:00 PM","OU=Servers,OU=Global,OU=Regions,DC=lovisa,DC=com"
"LOVIL-ELTUVUWAJ","7/10/2022 8:31:02 AM","OU=Autopilot,OU=Computers,OU=America,OU=USA,OU=Regions,DC=lovisa,DC=com"
"LOVIL-7004","12/06/2023 6:02:13 PM","CN=Computers,DC=lovisa,DC=com"
"LOVIL-HJJ0ZV7DP","31/03/2023 7:05:38 PM","OU=Autopilot,OU=Computers,OU=Poland,OU=EURO,OU=Regions,DC=lovisa,DC=com"
"LOVIL-7005","31/01/2023 11:35:31 PM","CN=Computers,DC=lovisa,DC=com"
"LOVIL-NSW-149","15/08/2023 8:36:36 AM","OU=Computers,OU=Australia,OU=APAC,OU=Regions,DC=lovisa,DC=com"
"LOVIL-5688","10/06/2023 12:00:24 PM","OU=Computers,OU=Australia,OU=APAC,OU=Regions,DC=lovisa,DC=com"
"LOVIL-9090","17/10/2022 2:13:27 PM","CN=Computers,DC=lovisa,DC=com"
"LOVIL-AU-2326","17/10/2022 4:12:25 PM","OU=Computers,OU=Australia,OU=APAC,OU=Regions,DC=lovisa,DC=com"
"LOVIL_FR_29","17/08/2021 11:31:30 PM","OU=Autopilot,OU=Computers,OU=France,OU=EURO,OU=Regions,DC=lovisa,DC=com"
"LOVIL-7012","30/06/2023 5:19:54 PM","CN=Computers,DC=lovisa,DC=com"
"DESKTOP-M822TC6","29/10/2022 1:01:34 AM","CN=Computers,DC=lovisa,DC=com"
"DESKTOP-RPIJPI2","1/08/2023 4:45:14 PM","CN=Computers,DC=lovisa,DC=com"
"DESKTOP-TN8BUAC","31/10/2022 7:49:28 PM","CN=Computers,DC=lovisa,DC=com"
"AU_LOVIL_50","24/12/2022 8:07:10 AM","OU=Computers,OU=Australia,OU=APAC,OU=Regions,DC=lovisa,DC=com"
"LOVIL-YIVW23XEM","3/11/2022 6:11:02 PM","OU=Autopilot,OU=Computers,OU=Austria,OU=EURO,OU=Regions,DC=lovisa,DC=com"
"LOVIL-7019","3/11/2022 9:57:26 PM","CN=Computers,DC=lovisa,DC=com"
"LOVIL_PROP_1","13/07/2023 5:50:34 PM","OU=Computers,OU=Australia,OU=APAC,OU=Regions,DC=lovisa,DC=com"
"USA_LOVIL_15","14/04/2023 11:09:39 AM","OU=Computers,OU=America,OU=USA,OU=Regions,DC=lovisa,DC=com"
"LOVIL-6872","22/03/2023 8:35:55 AM","OU=Computers,OU=Australia,OU=APAC,OU=Regions,DC=lovisa,DC=com"
"LOVIL-4987","25/05/2023 3:20:15 PM","CN=Computers,DC=lovisa,DC=com"
"LOVID-403","10/05/2023 10:44:16 AM","OU=Computers,OU=Australia,OU=APAC,OU=Regions,DC=lovisa,DC=com"
"LOVIL-5555","24/07/2023 10:47:36 AM","CN=Computers,DC=lovisa,DC=com"
"LOVIL-AU-893","1/12/2022 8:30:48 AM","OU=Computers,OU=Australia,OU=APAC,OU=Regions,DC=lovisa,DC=com"
"LOVIL-496","29/03/2023 4:36:21 PM","CN=Computers,DC=lovisa,DC=com"
"LOVIL-5459","28/03/2023 4:07:55 PM","OU=Computers,OU=Australia,OU=APAC,OU=Regions,DC=lovisa,DC=com"
"LOVIL-5483","3/08/2023 7:04:38 AM","OU=Computers,OU=Australia,OU=APAC,OU=Regions,DC=lovisa,DC=com"
"LOVIL-9782","19/04/2023 9:02:37 AM","OU=Computers,OU=Australia,OU=APAC,OU=Regions,DC=lovisa,DC=com"
"LOVIL-1907","16/08/2023 3:47:47 PM","CN=Computers,DC=lovisa,DC=com"
"LOVIL-5474","15/05/2023 4:42:23 PM","OU=Computers,OU=Australia,OU=APAC,OU=Regions,DC=lovisa,DC=com"
"DESKTOP-JG7TSP7","15/11/2022 12:54:38 PM","CN=Computers,DC=lovisa,DC=com"
"DESKTOP-99GM5J1","4/07/2023 9:14:09 PM","CN=Computers,DC=lovisa,DC=com"
"LOVIL-775","15/11/2022 5:21:58 PM","CN=Computers,DC=lovisa,DC=com"
"au_mac_45","19/01/2023 9:15:05 AM","CN=Computers,DC=lovisa,DC=com"
"BOARDROOM","6/05/2023 2:04:25 PM","OU=Computers,OU=Australia,OU=APAC,OU=Regions,DC=lovisa,DC=com"
"DESKTOP-VD52RC3","14/02/2023 5:49:27 PM","CN=Computers,DC=lovisa,DC=com"
"LOVIL-ONMH1KPF0","7/08/2023 5:07:13 PM","OU=Autopilot,OU=Computers,OU=Poland,OU=EURO,OU=Regions,DC=lovisa,DC=com"
"AMANDABERTHELOT","9/01/2023 11:46:50 AM","CN=Computers,DC=lovisa,DC=com"
"LOVI_FR_1056","11/01/2023 11:29:05 PM","CN=Computers,DC=lovisa,DC=com"
"LOVIL-SICBEDFUJ","30/04/2023 12:19:42 AM","CN=Computers,DC=lovisa,DC=com"
"LOVIL-K1C1HD1TP","31/05/2023 4:48:23 AM","OU=Autopilot,OU=Computers,OU=America,OU=USA,OU=Regions,DC=lovisa,DC=com"
"LOVIL-NHWK32NWT","2/03/2023 11:29:58 PM","OU=Autopilot,OU=Computers,OU=France,OU=EURO,OU=Regions,DC=lovisa,DC=com"
"LOVIL-AI2UBBAPV","27/07/2023 5:51:34 PM","OU=Autopilot,OU=Computers,OU=Australia,OU=APAC,OU=Regions,DC=lovisa,DC=com"
"LOVIL-NSXSNRWXQ","15/04/2023 12:02:51 AM","OU=Autopilot,OU=Computers,OU=France,OU=EURO,OU=Regions,DC=lovisa,DC=com"
"LOVIL-0OLICD5SU","18/04/2023 12:35:03 PM","OU=Autopilot,OU=Computers,OU=Australia,OU=APAC,OU=Regions,DC=lovisa,DC=com"
"LOVIL-WRVCBK945","21/08/2023 11:44:31 AM","OU=Autopilot,OU=Computers,OU=Australia,OU=APAC,OU=Regions,DC=lovisa,DC=com"
"LOVIL-LD6H4GGO8","26/04/2023 8:06:56 PM","OU=Autopilot,OU=Computers,OU=France,OU=EURO,OU=Regions,DC=lovisa,DC=com"
"LOVIL-8AVYYPHTF","12/08/2023 5:44:14 AM","OU=Autopilot,OU=Computers,OU=America,OU=USA,OU=Regions,DC=lovisa,DC=com"
"LOVIL-8QG71EZFU","17/06/2023 5:47:46 AM","OU=Autopilot,OU=Computers,OU=America,OU=USA,OU=Regions,DC=lovisa,DC=com"
"LOVIL-4TW67FT8N","14/07/2023 3:12:21 AM","OU=Autopilot,OU=Computers,OU=America,OU=USA,OU=Regions,DC=lovisa,DC=com"
"LOVIL-O5M8AOASU","20/06/2023 7:25:10 PM","OU=Autopilot,OU=Computers,OU=Germany,OU=EURO,OU=Regions,DC=lovisa,DC=com"
"LOVIL-MSZBV7D4R","20/06/2023 12:11:36 PM","OU=Autopilot,OU=Computers,OU=Australia,OU=APAC,OU=Regions,DC=lovisa,DC=com"
"DESKTOP-G1BDMB6","20/07/2023 10:15:27 PM","CN=Computers,DC=lovisa,DC=com"
"LOVIL-SQ4SZ6CGH","6/07/2023 11:39:47 AM","OU=Autopilot,OU=Computers,OU=Australia,OU=APAC,OU=Regions,DC=lovisa,DC=com"
"LOVIL-1D0EDFOA6","1/08/2023 12:26:54 PM","OU=Autopilot,OU=Computers,OU=NewZealand,OU=APAC,OU=Regions,DC=lovisa,DC=com"
"LOVIL-NHLG4GR8V","1/08/2023 11:54:58 AM","OU=Autopilot,OU=Computers,OU=Malaysia,OU=APAC,OU=Regions,DC=lovisa,DC=com"
"LOVIL-9ZXZOU4TU","13/07/2023 4:18:49 AM","OU=Autopilot,OU=Computers,OU=America,OU=USA,OU=Regions,DC=lovisa,DC=com"
"LOVIL-TYCDPVLDY","14/07/2023 6:50:09 AM","OU=Autopilot,OU=Computers,OU=America,OU=USA,OU=Regions,DC=lovisa,DC=com"
"LOVIL-6DONTMZON","14/07/2023 8:22:43 AM","OU=Autopilot,OU=Computers,OU=America,OU=USA,OU=Regions,DC=lovisa,DC=com"
"LOVIL-NJ14FTKL8","18/08/2023 8:00:09 AM","OU=Autopilot,OU=Computers,OU=America,OU=USA,OU=Regions,DC=lovisa,DC=com"
"LOVIL-SIAGMAQKK","15/07/2023 10:49:51 AM","OU=Autopilot,OU=Computers,OU=America,OU=USA,OU=Regions,DC=lovisa,DC=com"
"LOVIL-ADCNWZ2B4","22/08/2023 3:50:51 AM","OU=Autopilot,OU=Computers,OU=America,OU=USA,OU=Regions,DC=lovisa,DC=com"
"LOVIL-XY3GX3GRP","22/08/2023 2:19:31 PM","OU=Autopilot,OU=Computers,OU=Australia,OU=APAC,OU=Regions,DC=lovisa,DC=com"
